{"packages/cupertino_icons/assets/CupertinoIcons.ttf":["packages/cupertino_icons/assets/CupertinoIcons.ttf"],"fonts/GothamRounded_Book.otf":["fonts/GothamRounded_Book.otf"],"fonts/GothamRounded_Light.otf":["fonts/GothamRounded_Light.otf"],"fonts/GothamRounded_Medium.otf":["fonts/GothamRounded_Medium.otf"],"drawable/aboutbg.png":["drawable/aboutbg.png"],"drawable/add.png":["drawable/add.png"],"drawable/add_banner.png":["drawable/add_banner.png"],"drawable/add_new_icon.png":["drawable/add_new_icon.png"],"drawable/addlisting.png":["drawable/addlisting.png"],"drawable/addproperty.png":["drawable/addproperty.png"],"drawable/agent.png":["drawable/agent.png"],"drawable/amount.png":["drawable/amount.png"],"drawable/annoucements.png":["drawable/annoucements.png"],"drawable/app_icon.png":["drawable/app_icon.png"],"drawable/app_new_icon.png":["drawable/app_new_icon.png"],"drawable/app_noti_icon.png":["drawable/app_noti_icon.png"],"drawable/area.png":["drawable/area.png"],"drawable/area_one.png":["drawable/area_one.png"],"drawable/attendes.png":["drawable/attendes.png"],"drawable/back_black.png":["drawable/back_black.png"],"drawable/badge.png":["drawable/badge.png"],"drawable/ban_inven.png":["drawable/ban_inven.png"],"drawable/bank.png":["drawable/bank.png"],"drawable/banner.jpg":["drawable/banner.jpg"],"drawable/bathrooms.png":["drawable/bathrooms.png"],"drawable/bed.png":["drawable/bed.png"],"drawable/bhk.png":["drawable/bhk.png"],"drawable/bhk_one.png":["drawable/bhk_one.png"],"drawable/bin.png":["drawable/bin.png"],"assets/bnner1.png":["assets/bnner1.png"],"drawable/bnner1.png":["drawable/bnner1.png"],"drawable/boost.png":["drawable/boost.png"],"drawable/brochure.png":["drawable/brochure.png"],"drawable/budget.png":["drawable/budget.png"],"drawable/budget_pro.png":["drawable/budget_pro.png"],"drawable/cafe.png":["drawable/cafe.png"],"drawable/cal_imgg.png":["drawable/cal_imgg.png"],"drawable/calendar.png":["drawable/calendar.png"],"drawable/callfill.png":["drawable/callfill.png"],"drawable/callus.png":["drawable/callus.png"],"drawable/car.png":["drawable/car.png"],"drawable/cartype.png":["drawable/cartype.png"],"drawable/carwhite.png":["drawable/carwhite.png"],"drawable/ccc.png":["drawable/ccc.png"],"drawable/cctv.png":["drawable/cctv.png"],"drawable/checkeligibility.png":["drawable/checkeligibility.png"],"drawable/checkoff.png":["drawable/checkoff.png"],"drawable/checkoff1.png":["drawable/checkoff1.png"],"drawable/checkon.png":["drawable/checkon.png"],"drawable/checkon1.png":["drawable/checkon1.png"],"drawable/childres_area.png":["drawable/childres_area.png"],"drawable/chips_bag.png":["drawable/chips_bag.png"],"drawable/circle_fill.png":["drawable/circle_fill.png"],"drawable/circle_stroke.png":["drawable/circle_stroke.png"],"drawable/circlearrows.png":["drawable/circlearrows.png"],"drawable/circleblue.png":["drawable/circleblue.png"],"drawable/circleorange.png":["drawable/circleorange.png"],"drawable/close.png":["drawable/close.png"],"drawable/club_house.png":["drawable/club_house.png"],"drawable/commission.png":["drawable/commission.png"],"drawable/commission_act.png":["drawable/commission_act.png"],"drawable/commissions.png":["drawable/commissions.png"],"drawable/contact_rm.png":["drawable/contact_rm.png"],"drawable/contactrm.png":["drawable/contactrm.png"],"drawable/contactrm_white.png":["drawable/contactrm_white.png"],"drawable/date.png":["drawable/date.png"],"drawable/delete.png":["drawable/delete.png"],"drawable/demo_one.png":["drawable/demo_one.png"],"drawable/demo_three.png":["drawable/demo_three.png"],"drawable/demo_two.png":["drawable/demo_two.png"],"drawable/down_arr.png":["drawable/down_arr.png"],"drawable/down_arrow.png":["drawable/down_arrow.png"],"drawable/downarrow.png":["drawable/downarrow.png"],"drawable/download.png":["drawable/download.png"],"drawable/edit.png":["drawable/edit.png"],"drawable/edit_blue.png":["drawable/edit_blue.png"],"drawable/edit_pro_background.png":["drawable/edit_pro_background.png"],"drawable/email.png":["drawable/email.png"],"drawable/email_icon.png":["drawable/email_icon.png"],"drawable/emi_calcu.png":["drawable/emi_calcu.png"],"drawable/emicalculator.png":["drawable/emicalculator.png"],"drawable/emicalculator_white.png":["drawable/emicalculator_white.png"],"drawable/eve_anima.png":["drawable/eve_anima.png"],"drawable/eve_date.png":["drawable/eve_date.png"],"drawable/eve_location.png":["drawable/eve_location.png"],"drawable/eve_time.png":["drawable/eve_time.png"],"drawable/event_attend.png":["drawable/event_attend.png"],"drawable/event_icon.png":["drawable/event_icon.png"],"drawable/eventss.png":["drawable/eventss.png"],"drawable/ex_track_lead.png":["drawable/ex_track_lead.png"],"drawable/exclusae.png":["drawable/exclusae.png"],"drawable/extra_add_listing.png":["drawable/extra_add_listing.png"],"drawable/extra_short_list.png":["drawable/extra_short_list.png"],"drawable/extra_site_visit.png":["drawable/extra_site_visit.png"],"drawable/eye.png":["drawable/eye.png"],"drawable/eye_blue.png":["drawable/eye_blue.png"],"drawable/faq.png":["drawable/faq.png"],"drawable/fmnet.png":["drawable/fmnet.png"],"drawable/home.png":["drawable/home.png"],"drawable/home_act.png":["drawable/home_act.png"],"assets/in1.png":["assets/in1.png"],"assets/in2.png":["assets/in2.png"],"assets/in3.png":["assets/in3.png"],"drawable/invfm.png":["drawable/invfm.png"],"drawable/menu.png":["drawable/menu.png"],"drawable/my_office.png":["drawable/my_office.png"],"drawable/my_office_act.png":["drawable/my_office_act.png"],"drawable/notification_new.png":["drawable/notification_new.png"],"drawable/offers.png":["drawable/offers.png"],"drawable/personal_page.png":["drawable/personal_page.png"],"drawable/realestate_back.png":["drawable/realestate_back.png"],"assets/right.png":["assets/right.png"],"assets/rightarrow.png":["assets/rightarrow.png"],"drawable/sales_list.png":["drawable/sales_list.png"],"drawable/sales_list_act.png":["drawable/sales_list_act.png"],"drawable/searchhouse.png":["drawable/searchhouse.png"],"drawable/select_city.png":["drawable/select_city.png"],"drawable/select_city_fill.png":["drawable/select_city_fill.png"],"assets/sp1.png":["assets/sp1.png"],"assets/sp2.png":["assets/sp2.png"],"assets/sp3.png":["assets/sp3.png"],"assets/spa.png":["assets/spa.png"],"drawable/terms_checked.png":["drawable/terms_checked.png"],"drawable/tracklead.png":["drawable/tracklead.png"]}